id,query,expected_answer,source
1,What is the governance procedure in force and its latest version regulating the suitability and composition of a credit institution's management body?,"«Institutions, financial holding companies and mixed financial holding companies shall have the primary responsibility for ensuring that members of the management body are at all times of sufficiently good repute and possess sufficient knowledge, skills and experience to perform their duties. Members of the management body shall, in particular, fulfil the requirements set out in paragraphs 2 to 8.»",EU-Lex
2,What are the key takeaways of CEOE reports affecting the financial sector?,"«The Spanish Confederation of Employers' Organizations (CEOE) brings together two million companies and self-employed workers across all sectors of activity.» Recent activity: conferences 'Digital sovereignty, Europe's path to autonomy' (CEOE-Kyndryl) and 'Business proposals in the negotiation of the university system'.",CEOE
4,What is the sector's stance (CECA) on banking regulation in Spain?,«Simplifying regulation would increase the Spanish banking sector's financing capacity by €250 billion» (ES: 'Simplificar la regulación aumentaría en 250.000 millones la capacidad de financiación del sector bancario en España'). Another release: the social welfare program (Obra Social) of member institutions exceeds €1 billion in investment.,CECA
5,What is the public market outlook and the sector and competitor signals in financial services per the consultancy's latest report?,"«...banks' continued strong results in 2025; the emergence of a new world map; the tipping point for customer ownership; and the unprecedented pace at which AI is remaking the industry, prompting banks to accelerate their [transformation].»",McKinsey (Featured Insights)
7,What are the competitor's (Nubank) annual KPIs and how did they evolve in 2023 against its company priorities?,«Quarterly amount lent increased from $0.9B in Q4'22 to $2B in Q4'23 (+100% FXN YoY) and IEP climbed from $2.0B in Q4'22 to $3.7B in Q4'23 (+76% FXN YoY). Quarterly Ultraviolet Credit Card Purchase Volume increased from $0.5B in Q4'22 to $1.1B in Q4'23 (+104% FXN YoY)... NuMEX deposits increased from $0 to $1B+ within 7 months from public launch; NuCOL was granted Financing Company License.»,Nubank (Results Center)
9,What new products and account features does the competitor (N26) offer?,"«N26 Smart: Mastercard debit card, up to 10 sub-accounts (Spaces), budgeting tools, free ATM withdrawals and commission-free purchase of stocks and ETFs. Requirements: over 18, residence in an eligible country and a valid ID.»",N26 (Product)
10,"What are the competitor's (Revolut) plans, prices and fee changes and how do they differ by tier?","«Standard — Free; Plus — £3.99/month; Premium — £7.99/month; Metal — £14.99/month; Ultra — £55/month (introductory offer). Declared annual benefits: Plus ~£100, Premium ~£1,750, Metal ~£3,750, Ultra >£9,000.»",Revolut (Pricing)
12,What new products and features has the competitor (Revolut) recently announced?,"«Revolut reveals 2025 vision, with AI assistant, mortgages, and ATMs on the horizon» and «Revolut reports record profit of $2.3bn for 2025 as revenue surges to $6bn».",Revolut (Newsroom)
14,What do users value and complain about in the competitor's (Revolut) app reviews?,"«4.7 out of 5 (69K Ratings). Featured review: 'Optionality for $160 year unbeatable' (praising the investment section and the high-yield account), alongside criticism such as 'Extremely Glitchy Compared to TransferWise' and 'One of the absolute worst apps I ever used'.»",Revolut (App Store reviews)
17,What senior-position profiles and requirements does a peer (BBVA) publish for leadership roles?,"«BBVA — Job portal (Workday, bbva.wd3.myworkdayjobs.com). Senior/leadership vacancies, e.g. 'Executive Director — Securitization, ABS Origination & Structuring' (New York), 'Data Engineering Senior Manager I', 'Software Senior Manager I (BSI)'. Each posting specifies area/location, seniority level, key responsibilities and required qualifications (years of experience, technical skills, languages).»",BBVA (Careers)
18,What is a peer's (BNP Paribas) leadership org structure and the responsibilities of each member?,«The General Management of BNP Paribas is composed of a Chief Executive Officer (CEO) plus two Chief Operating Officers and three Deputy Chief Operating Officers... The Executive Committee brings together the General Management as well as 14 other members.» CEO: Jean-Laurent Bonnafé; COOs: Yann Gérardin (CIB) and Thierry Laborde (CPBS); CFO: Lars Machenil; CRO: Frank Roncey.,BNP Paribas (Leadership bios)
20,What is the average CET1 capital ratio and NPL ratio of EU banks in the latest quarter?,"Recognised source: EBA Risk Dashboard – Data Annex Q1 2026 (.xlsx), tab ""Exposures and NPLs by Sector_1"" (Non-trading loans and advances to non-financial corporations by sector). Columns [lbl][Period][NSA][Custom][Value]. E.g. series lbl=T2410 · NSA=AT · Custom=""J Information and communication"": 202509→0.0213; 202512→0.0208; 202603→0.0215.",EBA (Risk Dashboard)
22,What capital and liquidity (LCR) levels do significant institutions supervised by the ECB report?,Source: ECB Supervisory Banking Statistics (significant institutions). Q3 2025: aggregate CET1 16.10% (Q2 2025: 16.12%; a year earlier: 15.73%); total capital 20.24%; annualised RoE 9.88%.,ECB (Banking Supervision)
24,"What has been the trend of Spain's GDP, inflation (HICP) and unemployment in recent years?","Source: Eurostat prc_hicp_aind (HICP, annual rate). Spain: 2025-09=3.0%; 2025-10=3.2%; 2025-11=3.2%; 2025-12=3.0% (euro area 2025-12=1.9%). [GDP: Eurostat tec00115, annual volume change].",Eurostat
26,What is the ECB's official interest rate and the latest M3 monetary aggregate?,Source: ECB Data Portal. MRR (main refinancing operations) = 2.40% and DFR (deposit facility) = 2.25% as of 2026-06-30. Euro area HICP (ICP) Dec-2025 = 1.9%.,ECB / EBA (Data Portal)
29,How have the federal funds rate and the US unemployment rate evolved over the last 24 months?,Source: FRED. EFFR (Effective Federal Funds Rate) = 3.63% (2026-06-26). UNRATE (unemployment) = 4.3% (May-2026; Apr 4.3; Mar 4.3; Feb 4.4; Jan 4.3).,Fed (FRED)
30,What is the aggregate credit exposure of the financial system in Brazil for the period?,"Source: BACEN SGS (API). Series 20539 (Total credit portfolio balance, R$ MM): 01/2026=7,123,926; 02/2026=7,151,082; 03/2026=7,221,534; 04/2026=7,245,265. Series 433 (IPCA % monthly): 05/2026=0.58.",BACEN (SGS)
32,Does a company (CNPJ) have registered tax debt or insolvency status in the Union's active-debt registry?,"Point query by CNPJ at listadevedores.pgfn.gov.br (not a time series): returns name/business name, CPF/CNPJ, consolidated amount and type of registration. No open public API (web search).",Dívida Ativa (PGFN)
33,What is a company's tax-compliance status (CNPJ) and address/activity verification in Brazil?,"Point query by CNPJ. Real e.g. (Receita Federal via BrasilAPI) CNPJ 18.236.120/0001-58 → 'NU PAGAMENTOS S.A. - INSTITUIÇÃO DE PAGAMENTO', registration status ACTIVE, CNAE 'Other auxiliary activities of financial services', São Paulo/SP.",Receita Federal (CNPJ)
35,What are the latest filings and capital changes of a company at the São Paulo commercial registry (JUCESP)?,Point query by company at jucesponline.sp.gov.br (requires registration/login; no public API). Returns registered corporate acts and their dates; not a time series.,JUCESP
36,How many new cars were registered in the EU and what is the battery-electric market share in the latest period?,"Source: ACEA / ECB Data Portal (dataset CAR). EU Jan-May 2026: 4,748,801 registrations (+4.0% YoY); battery-electric 950,521 (20% share). May 2026: EU 955,013 (+3.2%); BEV 203,417.",ACEA · ECB (CAR registrations)
37,What are the competitor's (Nubank) annual revenue and net income from its financial filings?,"Source: SEC EDGAR CompanyFacts API (CIK 0001691493, ifrs-full). Revenue (USD): 2022=4,792.2M; 2023=8,029.0M; 2024=11,517.1M. Net income (ProfitLoss): 2022=−364.6M; 2023=1,030.5M; 2024=1,972.1M.",SEC EDGAR (Nu Holdings)
39,"What are market earnings by occupation, including managers, for senior-role benchmarking?","Source: Eurostat Structure of Earnings Survey 2022 (earn_ses_pub2s). Median gross hourly earnings (PPS) by country, Oct 2022: Denmark 22.4; Belgium 21.3; Luxembourg 18.4; Germany 17.3; Ireland 17.0; lowest Bulgaria 6.7; Portugal 7.4.",Eurostat (Earnings Survey)
41,"What candidate records does the ICIJ Offshore Leaks Database return for “Miguel Ângelo Varela”, born on 9 September 1976, Portuguese national, residing at Avenida do Atlântico 42, 1990-019 Lisboa, Portugal?
Search using the exact name, the unaccented variant “Miguel Angelo Varela”, and the reordered variant “Varela, Miguel Ângelo”. Return the matched name, node type, node ID, linked entity, role, jurisdiction, status, source dataset, linked countries, addresses, relationships, identity assessment, evidence URL, executed search parameters and search timestamp.","The ICIJ Offshore Leaks Database returned 1 candidate record for “Miguel Ângelo Varela” using the name variants “Miguel Ângelo Varela”, “Miguel Angelo Varela” and “Varela, Miguel Ângelo”.

Matched name: Miguel Angelo Varela
Classification: INCONCLUSIVE
Node type: Officer
Node ID: ICIJ-EX-2001
Linked entity: Blue Meridian Holdings Ltd.
Role: Director
Jurisdiction: British Virgin Islands
Entity status: Active
Data source: Panama Papers
Linked countries: British Virgin Islands; Portugal
Address recorded by ICIJ: 16 Harbour Road, Road Town, Tortola, British Virgin Islands
Relationships: Miguel Angelo Varela is listed as a director of Blue Meridian Holdings Ltd.

Identity assessment: The candidate name and Portuguese nationality are compatible with the searched subject. However, the ICIJ record does not provide a date of birth, Portuguese residential address, identification number or another stable attribute that would confirm that the candidate is the same person as Miguel Ângelo Varela, born on 9 September 1976 and residing in Lisboa.

Matching attributes: Full name without accents; nationality.
Missing or conflicting attributes: Date of birth; Portuguese residential address; personal identifier.

Evidence: https://offshoreleaks.icij.org/nodes/ICIJ-EX-2001
Search parameters: Exact name, unaccented name and reordered name.
Searched on: 25 August 2026 at 10:20 WEST.

The candidate must not be treated as a confirmed association without additional corroboration. Presence in the ICIJ Offshore Leaks Database is not, by itself, evidence of unlawful conduct.",ICIJ Offshore Leaks
43,"What potentially relevant results are available for “Aurora Verde Logística, Lda.”, NIPC 517845230, headquartered at Rua do Freixo 221, 4300-219 Porto, Portugal?

Search the complete first page of results using:

1. “Aurora Verde Logística, Lda.”
2. “Aurora Verde Logistica”
3. “Aurora Verde Logística” “517845230”
4. “Aurora Verde Logística” fraude OR branqueamento OR corrupção
5. “Aurora Verde Logística” sanções OR investigação OR processo

For each result, return the executed query, title, publisher, publication date, URL, source type, topic classification, neutral summary, identity assessment, relevance assessment and primary-source reference where available.","The public web search returned 2 potentially relevant results for “Aurora Verde Logística, Lda.” The complete first page of results was reviewed for each executed query.

Result 1

Title: Contrato de prestação de serviços de transporte e logística
Publisher: Município do Porto
Publication date: 12 March 2026
Executed query: “Aurora Verde Logística” “517845230”
Result URL: https://example.test/municipio-porto/contrato-aurora-verde
Source type: OFFICIAL
Topic classification: CORPORATE RELATIONSHIP
Neutral summary: The public procurement notice identifies Aurora Verde Logística, Lda., NIPC 517845230, as the supplier under a logistics-services contract.
Identity classification: CONFIRMED
Matching attributes: Exact legal name; NIPC 517845230; Porto location.
Relevance assessment: CONTEXTUAL
Primary source: https://example.test/municipio-porto/contrato-aurora-verde
Assessment: The result confirms a commercial relationship but does not contain adverse information.

Result 2

Title: Autoridades investigam Aurora Verde Transportes por alegadas irregularidades
Publisher: Jornal Regional do Sul
Publication date: 8 February 2026
Executed query: “Aurora Verde Logística” fraude OR branqueamento OR corrupção
Result URL: https://example.test/jornal-regional/aurora-verde-transportes
Source type: REPUTABLE MEDIA
Topic classification: OFFICIAL PROCEEDING
Neutral summary: The article reports an investigation involving Aurora Verde Transportes Ltda., registered in Brazil.
Identity classification: FALSE POSITIVE
Matching attributes: Partial similarity in the trading name.
Conflicting attributes: The result concerns Aurora Verde Transportes Ltda., a Brazilian company, and not Aurora Verde Logística, Lda., NIPC 517845230, headquartered in Porto.
Relevance assessment: NOT RELEVANT TO THE SEARCHED SUBJECT
Primary source: NOT AVAILABLE
Assessment: The result must not be attributed to Aurora Verde Logística, Lda.

Overall outcome: NO RELEVANT ADVERSE-MEDIA RESULT.

The official procurement result is classified as contextual corporate information. The Brazilian media result is classified as a false positive. No confirmed sanctions, money-laundering, corruption, investigation or legal-proceeding result was identified for Aurora Verde Logística, Lda. under the executed queries.

Search evidence: WEB-EX-3001.pdf
Searched on: 25 August 2026 at 10:35 WEST.

This outcome means that no relevant adverse-media result was identified under the executed searches. It does not establish that no relevant information exists elsewhere or may become available later.",Google / Web Search
45,"A public web-search result alleges that “Norte Claro Construções, S.A.”, NIPC 509884321, headquartered at Avenida Central 77, 4710-228 Braga, Portugal, was charged in connection with case 88/25.4TELSB.

What official public records confirm, refute or clarify this result?

Search the official websites of the Public Prosecutor’s Office, DCIAP, Judicial Police, applicable courts and regulators. Return the issuing authority, document title, publication date, case reference, procedural event, procedural status stated by the source, neutral factual summary, identity-match assessment, verification outcome and official URL.","The originating web-search result was checked against the available official public sources.

Originating result: “Construction company charged in Operação Horizonte”
Originating source: Jornal Económico Regional
Originating publication date: 18 July 2026
Originating result reference: WEB-EX-4001

Official record

Issuing authority: DCIAP
Document title: Operação Horizonte: constituição de arguidos e realização de buscas
Publication date: 18 July 2026
Case reference: 88/25.4TELSB
Procedural event: INVESTIGATION, SEARCHES AND FORMAL IDENTIFICATION OF SUSPECTS
Procedural status stated by the source: Investigation in progress
Official record reference: OFF-EX-4001
Official URL: https://example.test/dciap/operacao-horizonte-18-07-2026

Neutral factual summary: The official communication reports searches and the formal identification of suspects in an investigation concerning alleged procurement and invoicing irregularities. The company named in the official communication is “Norte Clara Engenharia, S.A.”, NIPC 509884312, headquartered at Rua dos Moinhos 14, 4700-000 Braga.

Searched subject: Norte Claro Construções, S.A.
Searched-subject NIPC: 509884321
Searched-subject address: Avenida Central 77, 4710-228 Braga

Identity classification: FALSE POSITIVE

Matching attributes:
- Similar company name
- Same district

Conflicting attributes:
- Official record: Norte Clara Engenharia, S.A.
- Searched subject: Norte Claro Construções, S.A.
- Official-record NIPC: 509884312
- Searched-subject NIPC: 509884321
- Official-record address: Rua dos Moinhos 14, Braga
- Searched-subject address: Avenida Central 77, Braga

Verification outcome: OFFICIAL SOURCE REFUTES ATTRIBUTION TO THE SEARCHED COMPANY.

The official record concerns a different legal entity. The investigation, searches and procedural status must not be attributed to Norte Claro Construções, S.A.

Official sources checked: DCIAP, Public Prosecutor’s Office and Judicial Police
Search parameters: Exact company name, unaccented name, NIPC and case reference
Checked on: 25 August 2026 at 10:50 WEST

The answer reports only the procedural status stated in the official communication. The existence of an investigation, search or formal identification of a suspect does not establish guilt or a final judicial finding.",Official Sources: Public Prosecutor / DCIAP / Judicial Police / Courts / Regulators
47,"What LinkedIn professional information is available for “Beatriz Leonor Matos”, currently reported as Compliance Manager at Solaris Payments, S.A., in Lisboa, Portugal?

Return the candidate profile reference, listed professional roles, employers, employment dates, professional affiliations, available location, authorized access method, identity-match assessment, matching or conflicting attributes and access timestamp.

Do not access restricted profile content or use automated profile scraping.","The authorized LinkedIn search returned 1 candidate profile for “Beatriz Leonor Matos”.

Candidate profile

Displayed name: Beatriz L. Matos
Profile reference: https://example.test/linkedin/in/beatriz-l-matos
Displayed location: Lisbon Metropolitan Area, Portugal

Listed professional experience:

1. Compliance Manager
   Employer: Solaris Payments, S.A.
   Employment period: March 2022 to present
   Location: Lisboa, Portugal

2. Risk Analyst
   Employer: Tejo Finance, S.A.
   Employment period: June 2018 to February 2022
   Location: Lisboa, Portugal

Listed education:
Postgraduate qualification in Compliance and Financial Regulation, Instituto Atlântico de Gestão, 2018.

Other visible affiliations:
Member of the Portuguese Compliance Professionals Network.

Identity classification: INCONCLUSIVE

Matching attributes:
- Full first name and surname
- Current employer
- Current professional position
- Lisboa location
- Professional history compatible with a compliance role

Missing or conflicting attributes:
- The profile displays “Beatriz L. Matos” rather than the complete name “Beatriz Leonor Matos”
- No date of birth is available
- No personal or professional identifier is available
- No independent contact detail is available for comparison
- The current employment relationship has not been corroborated through an official company source or another permitted independent source

Access method: Authorized public search
Collection method: Controlled manual review
Access restriction: No restricted profile content was accessed and no automated profile scraping was performed
Evidence reference: LI-EX-5001
Accessed on: 25 August 2026 at 11:05 WEST

Assessment:

The candidate profile is compatible with the searched person, but the available LinkedIn attributes are insufficient to confirm that the profile belongs to Beatriz Leonor Matos.

The profile information must be treated as self-reported or profile-derived professional context. LinkedIn information alone does not conclusively establish the employment relationship and does not constitute adverse media.",LinkedIn
49,"A relevant UK link has been identified for “Northbridge Solar Projects Ltd”, company number 14876543, with registered office at 22 Kingfisher Lane, Manchester M1 4AB, United Kingdom.

What official Companies House records are available for this company?

Return the legal name, company number, company status, company type, incorporation date, registered office, previous company names, current officers, persons with significant control, relevant filings, charges, insolvency information, identity-match assessment, relevant FCC alerts, official evidence references and search timestamp.","Companies House returned 1 company record matching “Northbridge Solar Projects Ltd”.

Company details

Legal name: Northbridge Solar Projects Ltd
Company number: 14876543
Company status: ACTIVE
Company type: Private limited company
Incorporation date: 20 April 2023
Registered office: 22 Kingfisher Lane, Manchester M1 4AB, United Kingdom
Previous company names: NONE RECORDED

Identity classification: CONFIRMED

Matching attributes:
- Exact legal name
- Exact company number
- Exact registered-office address
- United Kingdom jurisdiction

Current officers

1. Amelia Rose Carter
   Role: Director
   Appointment date: 20 April 2023
   Month and year of birth: September 1981
   Nationality: British
   Correspondence address: 22 Kingfisher Lane, Manchester M1 4AB, United Kingdom
   Officer status: Active

2. Daniel James Mercer
   Role: Director
   Appointment date: 14 January 2025
   Month and year of birth: June 1978
   Nationality: British
   Correspondence address: 15 Rivergate Square, Manchester M3 2LF, United Kingdom
   Officer status: Active

Persons with significant control

1. Amelia Rose Carter
   PSC status: Active
   Nature of control:
   - Ownership of more than 75% of the shares
   - Ownership of more than 75% of the voting rights
   - Right to appoint or remove a majority of the board of directors
   Notification date: 20 April 2023

Relevant filings

1. Incorporation
   Filing date: 20 April 2023
   Reference: NEWINC-2023-0420

2. Appointment of Daniel James Mercer as director
   Filing date: 14 January 2025
   Reference: AP01-2025-0114

3. Confirmation statement
   Filing date: 25 April 2026
   Statement date: 20 April 2026
   Reference: CS01-2026-0425

Charges

Number of charges: 1
Charge status: OUTSTANDING
Charge creation date: 12 January 2025
Charge holder: Northern Commercial Bank plc
Charge description: Fixed and floating charge over specified company assets
Charge reference: CHG-2025-001

Insolvency information: NONE RECORDED

FCC alerts

- OUTSTANDING CHARGE: CONTEXTUAL REVIEW
- No insolvency record identified
- No dissolved status
- No disqualified officer identified in the reviewed evidence
- No discrepancy identified between the searched company details and the official record

Assessment:

The Companies House record is confirmed as belonging to Northbridge Solar Projects Ltd because the legal name, company number and registered-office address match the supplied company information.

The outstanding charge is a corporate financing and security record. The existence of the charge does not, by itself, establish insolvency, financial difficulty, misconduct or adverse media.

Official company profile: https://example.test/companies-house/company/14876543
Supporting evidence: CH-EX-6001.pdf
Search parameters: Legal name and company number 14876543
Searched on: 25 August 2026 at 11:20 WEST
Evidence hash: SHA-256: 61a4c9f0…8d2e

Companies House is treated as an official source of corporate and relationship information. The record does not, by itself, constitute adverse media.",Companies House
52,"What candidate company and officer records does OpenCorporates return for “Atlântico Biotech Ltd” and “Rui Manuel Seabra” across the relevant jurisdictions?

The expected company is registered in Malta and has the following known information:

Company name: Atlântico Biotech Ltd
Expected jurisdiction: Malta
Registered address: 14 Marina Street, Valletta VLT 1160, Malta
Known officer: Rui Manuel Seabra
Expected role: Director

Search using the company-name variants “Atlântico Biotech Ltd”, “Atlantico Biotech Ltd” and “Atlantico Biotechnology”, together with the officer name “Rui Manuel Seabra”.

For each candidate, return the company name, company number, jurisdiction, status, incorporation or dissolution date, registered address, previous names, officers and roles, available ownership information, source registry, registry URL, provenance, identity classification and official-registry verification status.","OpenCorporates returned 2 candidate company records for “Atlântico Biotech Ltd” using the searched company-name variants.

Candidate 1

Company name: Atlantico Biotech Ltd
Company number: C 99881
Jurisdiction: Malta
Jurisdiction code: mt
Company status: ACTIVE
Incorporation date: 17 June 2021
Dissolution date: NOT APPLICABLE
Registered address: 14 Marina Street, Valletta VLT 1160, Malta
Previous company names: NONE RECORDED

Officers and roles:

1. Rui Manuel Seabra
   Role: Director
   Appointment date: 17 June 2021
   Status: Active

2. Helena Maria Costa
   Role: Company Secretary
   Appointment date: 17 June 2021
   Status: Active

Ownership information: NOT AVAILABLE IN THE REVIEWED OPENCORPORATES RECORD

Filings or statements:

1. Incorporation filing dated 17 June 2021
2. Annual return dated 30 June 2025
3. Change of registered office dated 12 September 2024

Relationship classification: RELEVANT RELATIONAL MATCH

Matching attributes:
- Company name matches the unaccented variant
- Expected Malta jurisdiction
- Exact registered-office address
- Exact officer name
- Expected director role

Missing or conflicting attributes:
- No personal identifier is available for Rui Manuel Seabra
- No date of birth is available for the officer
- Ownership information is not available in the reviewed record

Source registry: Malta Business Registry
Registry URL: https://example.test/mbr/company/C99881
OpenCorporates record: https://example.test/opencorporates/mt/C99881
Provenance: Company and officer information attributed to the Malta Business Registry
Provenance date: 14 August 2026
Official-registry verification: NOT YET CONFIRMED

Assessment:

Candidate 1 is classified as a relevant relational match because the company name, jurisdiction, registered address, officer name and officer role are compatible with the supplied information.

The company match has high confidence. The officer relationship is compatible but should be corroborated through the originating official registry where required.

Candidate 2

Company name: Atlantico Biotechnology LLC
Company number: 7845129
Jurisdiction: Delaware, United States
Jurisdiction code: us_de
Company status: ACTIVE
Incorporation date: 9 February 2020
Registered address: 1209 Orange Street, Wilmington, Delaware 19801, United States
Previous company names: NOT AVAILABLE
Officers and roles: NOT AVAILABLE
Ownership information: NOT AVAILABLE
Source registry: Delaware Division of Corporations
Registry URL: https://example.test/delaware/entity/7845129
OpenCorporates record: https://example.test/opencorporates/us_de/7845129

Relationship classification: FALSE POSITIVE

Matching attributes:
- Partial similarity in the company name

Conflicting attributes:
- Jurisdiction is Delaware rather than Malta
- Registered address is incompatible
- Company number is different
- Rui Manuel Seabra is not listed as an officer
- The legal name includes “Biotechnology LLC” rather than “Biotech Ltd”

Assessment:

Candidate 2 must not be attributed to Atlântico Biotech Ltd or to Rui Manuel Seabra.

Overall result:

OpenCorporates returned one relevant relational candidate and one false positive. The relevant candidate is Atlantico Biotech Ltd, company number C 99881, Malta. Ownership information was not available and no conclusion was drawn regarding the company’s shareholders or beneficial owners.

Search parameters: Exact name, unaccented name, partial company-name variant and officer name
Evidence reference: OC-EX-7001
Retrieved on: 25 August 2026 at 11:35 WEST
Evidence hash: SHA-256: 44ad8f21…90e1

OpenCorporates is treated as a complementary corporate-discovery and contextual source. Where available, the originating official registry should be used as the primary verification source.",OpenCorporates
55,"A relevant UK link has been identified between “Tomás Duarte Correia”, born in March 1984, Portuguese national, and “Cobalt Harbour Trading Ltd”.

What official Companies House records are available for “Cobalt Harbour Trading Ltd”, company number 15240177, and the reported officer “Tomás Duarte Correia”?

Return the company profile, company number, status, incorporation date, registered office, officers, persons with significant control, nature of control, relevant filings, company and relationship identifiers, official evidence reference, retrieval timestamp and evidence hash.

Assess separately whether the company record and the officer or PSC relationship match the supplied information.","Companies House returned 1 company record matching “Cobalt Harbour Trading Ltd”, company number 15240177.

Company profile

Legal name: Cobalt Harbour Trading Ltd
Company number: 15240177
Company status: ACTIVE
Company type: Private limited company
Incorporation date: 2 November 2023
Registered office: 8 Dock Street, Liverpool L1 8JQ, United Kingdom
Jurisdiction: England and Wales

UK link:

The searched subject, Tomás Duarte Correia, is reported as a current director and person with significant control of a UK-registered company.

Company identity classification: CONFIRMED

Company matching attributes:
- Exact legal name
- Exact company number
- Compatible United Kingdom jurisdiction
- Exact registered-office address

Officers

1. Tomás Duarte Correia
   Role: Director
   Appointment date: 2 November 2023
   Officer status: Active
   Month and year of birth: March 1984
   Nationality: Portuguese
   Country of residence: Portugal
   Correspondence address: 8 Dock Street, Liverpool L1 8JQ, United Kingdom
   Officer identifier: OFF-15240177-001

2. Eleanor Grace Mitchell
   Role: Director
   Appointment date: 15 January 2025
   Officer status: Active
   Month and year of birth: July 1987
   Nationality: British
   Country of residence: United Kingdom
   Correspondence address: 42 Riverside Walk, Liverpool L3 4BN, United Kingdom
   Officer identifier: OFF-15240177-002

Officer relationship assessment for Tomás Duarte Correia: CONFIRMED

Matching attributes:
- Exact full name
- Compatible month and year of birth
- Portuguese nationality
- Active directorship of the matched company

Missing attributes:
- Complete date of birth is not available in the public officer record
- No personal identification number is available

Persons with significant control

1. Tomás Duarte Correia
   PSC status: Active
   Notification date: 2 November 2023
   Nature of control:
   - Ownership of more than 50% but not more than 75% of the shares
   - Ownership of more than 50% but not more than 75% of the voting rights
   - Right to appoint or remove a majority of the board of directors
   PSC identifier: PSC-15240177-001

PSC relationship assessment: CONFIRMED

Relevant filings

1. Incorporation
   Filing date: 2 November 2023
   Filing reference: NEWINC-2023-1102

2. Appointment of Tomás Duarte Correia as director
   Filing date: 2 November 2023
   Filing reference: AP01-2023-1102

3. Initial PSC notification for Tomás Duarte Correia
   Filing date: 2 November 2023
   Filing reference: PSC01-2023-1102

4. Confirmation statement
   Filing date: 4 November 2025
   Statement date: 2 November 2025
   Filing reference: CS01-2025-1104

Overall assessment:

The UK company record is confirmed by the exact company number, legal name and registered-office address.

The relationship between Tomás Duarte Correia and Cobalt Harbour Trading Ltd is also confirmed because the officer and PSC records contain a compatible full name, month and year of birth, nationality and company relationship.

Companies House confirms that Tomás Duarte Correia is recorded as a director and PSC. The record does not independently establish that Tomás Duarte Correia is the ultimate beneficial owner under every applicable FCC definition. Any beneficial-ownership conclusion must consider the nature of control, other ownership layers and the remaining process documentation.

Official company profile: https://example.test/companies-house/company/15240177
API response reference: CH-EX-12001.json
Supporting registry print: CH-EX-12001.pdf
Retrieved on: 25 August 2026 at 12:45 WEST
Evidence hash: SHA-256: 7b2e8a19…4f19",Companies House
58,"What candidate international company and officer records does OpenCorporates return for “Eclipse Marítima S.A.”, registration number 778899, expected jurisdiction Panama, and the reported officer “Sofia Neves Pires”?

Known information:

Company name: Eclipse Marítima S.A.
Registration number: 778899
Expected jurisdiction: Panama
Expected registered address: Avenida Balboa 120, Torre Pacífico, Panama City, Panama
Reported officer: Sofia Neves Pires
Expected role: Director
Officer nationality: Portuguese
Officer address supplied in the FCC process: Rua do Carmo 36, 1200-094 Lisboa, Portugal

Search using the company-name variants “Eclipse Marítima S.A.”, “Eclipse Maritima SA” and “Eclipse Maritime”.

Return the company identifiers, jurisdiction, status, registered address, officers and roles, corporate relationships, ownership information where available, registry source, provenance, official-registry URL, OpenCorporates URL, identity-match classification, retrieval timestamp and evidence hash.

Assess the company match and the officer match separately.","OpenCorporates returned 2 candidate records for “Eclipse Marítima S.A.” using the supplied company-name variants and registration number.

Candidate 1

Company details

Legal name: Eclipse Marítima S.A.
Company number: 778899
Jurisdiction: Panama
Jurisdiction code: pa
Company status: ACTIVE
Incorporation date: 14 September 2018
Dissolution date: NOT APPLICABLE
Registered address: Avenida Balboa 120, Torre Pacífico, Panama City, Panama
Previous names: NONE RECORDED
Company type: Sociedad Anónima

Company identity classification: CONFIRMED

Company matching attributes:
- Exact legal name
- Exact registration number
- Expected Panama jurisdiction
- Exact registered-office address

Officers and roles

1. Sofia Neves Pires
   Role: Director
   Appointment date: 14 September 2018
   Officer status: Active
   Nationality: NOT AVAILABLE
   Residential address: NOT AVAILABLE
   Officer record reference: OFF-PA-778899-01

2. Alejandro Martín Torres
   Role: Director
   Appointment date: 14 September 2018
   Officer status: Active
   Officer record reference: OFF-PA-778899-02

3. Lucía Fernández Herrera
   Role: Secretary
   Appointment date: 14 September 2018
   Officer status: Active
   Officer record reference: OFF-PA-778899-03

Officer identity classification for Sofia Neves Pires: INCONCLUSIVE

Officer matching attributes:
- Exact full name
- Expected director role
- Relationship with the confirmed company

Missing or conflicting attributes:
- No date of birth is available
- No nationality is available in the reviewed record
- No residential address is available
- The Lisboa address supplied in the FCC process cannot be compared with the OpenCorporates record
- No personal identification number or other stable identifier is available

Corporate relationships:
- Sofia Neves Pires is recorded as a director of Eclipse Marítima S.A.
- No parent-company relationship is available in the reviewed record
- No subsidiary relationship is available in the reviewed record

Ownership information: NOT AVAILABLE

Shareholders: NOT AVAILABLE
Ownership percentages: NOT AVAILABLE
Beneficial owners: NOT AVAILABLE
Ultimate parent: NOT AVAILABLE

Source registry: Registro Público de Panamá
Official registry URL: https://example.test/registro-publico-panama/company/778899
OpenCorporates record: https://example.test/opencorporates/pa/778899

Provenance:
Company and officer information is attributed to the Registro Público de Panamá. The reviewed OpenCorporates record indicates that the source data was last updated on 10 August 2026.

Official-source verification: NOT COMPLETED

Candidate assessment:

The company record is classified as CONFIRMED because the legal name, registration number, jurisdiction and registered-office address match the supplied company information.

The relationship between a person named Sofia Neves Pires and Eclipse Marítima S.A. is recorded by the source. However, the individual identity remains INCONCLUSIVE because no date of birth, nationality, address or personal identifier is available.

The officer record must not be conclusively attributed to the Sofia Neves Pires residing at Rua do Carmo 36, Lisboa, without additional corroboration.

Candidate 2

Legal name: Eclipse Maritime Services Ltd
Company number: 09441882
Jurisdiction: United Kingdom
Jurisdiction code: gb
Company status: DISSOLVED
Registered address: 28 Harbour Road, Southampton SO14 3TG, United Kingdom
Officers: Sofia Pires, former director
Ownership information: NOT AVAILABLE

Company identity classification: FALSE POSITIVE

Matching attributes:
- Partial similarity in the company name
- Officer name partially similar to Sofia Neves Pires

Conflicting attributes:
- Different legal name
- Different registration number
- Different jurisdiction
- Different registered-office address
- Company is dissolved
- Officer name is incomplete
- No demonstrated relationship with the Panama company

Candidate 2 must not be attributed to Eclipse Marítima S.A. or to the searched Sofia Neves Pires.

Overall result

Confirmed company: Eclipse Marítima S.A., registration number 778899, Panama
Company classification: CONFIRMED
Officer relationship: A person named Sofia Neves Pires is recorded as director
Individual identity classification: INCONCLUSIVE
Ownership information: NOT AVAILABLE
Official-registry verification: PENDING

Evidence reference: OC-EX-13001.json
Controlled record print: OC-EX-13001.pdf
Retrieved on: 25 August 2026 at 13:00 WEST
Evidence hash: SHA-256: 44ad20f1…90e1

OpenCorporates is treated as a complementary corporate-discovery and verification source. The originating official registry should be used as the primary verification source where available.

The absence of ownership information does not establish that the company has no shareholders, controlling persons, beneficial owners or parent company.",OpenCorporates
61,"What official GLEIF data is available for “Aurora Atlantic Finance S.A.”, Portuguese company registration number 517684920, or LEI 549300EXAMPLE000001?

Known entity information:

Legal name: Aurora Atlantic Finance S.A.
Registration number: 517684920
Jurisdiction: Portugal
Legal address: Avenida da Liberdade 155, 5.º, 1250-142 Lisboa, Portugal
Expected direct parent: Aurora Atlantic Holdings S.A.

Return the LEI reference data, legal and headquarters addresses, entity status, LEI registration status, registration authority and identifier, direct-parent relationship, ultimate-parent relationship, relationship statuses, reporting exceptions, identity-match assessment, source URLs, retrieval timestamp and evidence hash.

Do not interpret direct or ultimate parent information as beneficial-ownership information.","GLEIF returned 1 LEI record matching “Aurora Atlantic Finance S.A.”.

Entity reference data

Legal name: Aurora Atlantic Finance S.A.
LEI: 549300EXAMPLE000001
Entity status: ACTIVE
Entity creation date: 12 March 2018
Legal jurisdiction: Portugal
Legal form: Sociedade Anónima

Legal address:
Avenida da Liberdade 155, 5.º
1250-142 Lisboa
Portugal

Headquarters address:
Avenida da Liberdade 155, 5.º
1250-142 Lisboa
Portugal

Registration information

LEI registration status: ISSUED
Initial LEI registration date: 18 April 2018
Last update date: 15 April 2026
Next renewal date: 15 April 2027
Managing Local Operating Unit: LOU-EX-001

Registration authority: Registo Nacional de Pessoas Coletivas
Registration authority identifier: RA000000
Entity registration number: 517684920

Entity identity classification: CONFIRMED

Matching attributes:
- Exact legal name
- Exact entity registration number
- Portugal jurisdiction
- Exact legal address
- Active entity status

Missing or conflicting attributes:
- None identified in the reviewed reference data

Direct-parent relationship

Direct parent legal name: Aurora Atlantic Holdings S.A.
Direct parent LEI: 549300EXAMPLE000002
Direct-parent relationship type: IS_DIRECTLY_CONSOLIDATED_BY
Relationship status: ACTIVE
Relationship start date: 1 January 2020
Accounting period start date: 1 January 2025
Accounting period end date: 31 December 2025
Validation status: VALIDATED

Direct-parent assessment:

The GLEIF relationship record reports that Aurora Atlantic Finance S.A. is directly consolidated by Aurora Atlantic Holdings S.A.

This relationship is a reported accounting-consolidation relationship. The record does not independently establish the percentage of share ownership, voting rights or beneficial control held by Aurora Atlantic Holdings S.A.

Ultimate-parent relationship

Ultimate parent legal name: NOT DISCLOSED
Ultimate parent LEI: NOT AVAILABLE
Ultimate-parent relationship status: NOT REPORTED
Reporting exception: CONSENT_NOT_OBTAINED
Exception reference date: 15 April 2026

Ultimate-parent assessment:

GLEIF records a reporting exception for the ultimate-parent relationship because consent to disclose the parent information was not obtained.

The reporting exception must not be interpreted as confirmation that no ultimate parent exists.

Other reported group relationships: NONE AVAILABLE IN THE REVIEWED RESPONSE

Overall assessment

Aurora Atlantic Finance S.A. is confirmed as the entity represented by LEI 549300EXAMPLE000001 because the legal name, registration number, jurisdiction and address match the supplied entity information.

GLEIF reports Aurora Atlantic Holdings S.A., LEI 549300EXAMPLE000002, as the direct accounting-consolidation parent.

The ultimate-parent relationship is not disclosed due to a reporting exception. No conclusion can be drawn regarding the absence or identity of the ultimate parent from the reviewed GLEIF response alone.

The parent information represents relationships reported in the LEI system. It does not constitute a complete shareholding, control or beneficial-ownership analysis.

GLEIF entity record: https://example.test/gleif/lei/549300EXAMPLE000001
Direct-parent relationship record: https://example.test/gleif/relationship/REL-EX-14001
Ultimate-parent exception record: https://example.test/gleif/exception/EXC-EX-14001

API response reference: GLEIF-EX-14001.json
Controlled record print: GLEIF-EX-14001.pdf
Retrieved on: 25 August 2026 at 13:15 WEST
Evidence hash: SHA-256: 82f7a139…5c41",GLEIF / LEI
71,Who is Leopoldo Alejandro Betancourt López? What are his corporate affiliations and any known risks or red flags associated with him?,"Leopoldo Alejandro Betancourt López is a Venezuelan businessman also known by the aliases Alejandro Betancourt, Alejandro Betancourt López, Leopoldo Alejandro Betancourt, and the nickname ""Bolichico."" He was born on February 22, 1980, and is a Venezuelan national. His known identifiers include Venezuelan Cédula V-15394369 and Acuris Unique ID I4065110. Addresses associated with him span Venezuela (El Hatillo, Miranda State; Campo Alegre, Caracas), the United States (Olympic Tower, Fifth Avenue, New York; Florida), and Spain (Toledo).
He holds or has held multiple corporate roles, primarily tied to the Derwick Associates group of companies. He is listed as an officer of Derwick Associates USA, LLC (Florida), and as a board member and shareholder of Derwick, Associates Corporation (Barbados). He is a legal representative, board member, and shareholder of B.G.B. Energy, C.A., and holds similar roles (legal representative, board member, and shareholder) at Inversiones Ameritile, C.A. He is a board member of Listo Shipping Co. 1 and of Energy Cargo 2000, C.A., a legal representative of Centro Tecnológico de Turbinas CTT, C.A., and is recorded as an employee, legal representative, board member, and general linked party of Derwick Associates de Venezuela. He is also directly linked to Francisco Convit Guruceaga, another Venezuelan national (born 1978) who shares similar money-laundering-related risk events in the graph.
Betancourt López has substantial adverse media and risk event history, mostly relating to financial crime, corruption, and bribery allegations connected to Derwick Associates and Venezuela's state oil company PDVSA. In June 2026, Spain's Audiencia Nacional ordered the reopening of a money-laundering investigation against him (he is noted as the owner of the Hawkers eyewear brand). In September 2025, he was arrested in London on suspicion of corruption and money laundering, at the request of Spanish anti-corruption investigators, in connection with allegations that Derwick Associates bribed Venezuelan officials to secure power-plant construction contracts. In September 2022, Venezuela's Public Ministry issued an arrest warrant against him for alleged fraud committed during his tenure as a PDVSA-related official. Earlier records include a 2013 racketeering and bribery lawsuit filed by former U.S. Deputy Secretary of State Otto Reich, alleging that Derwick Associates (of which Betancourt was CEO/director) received PDVSA energy contracts through bribery, as well as 2019 adverse media reports describing him as one of the ""Bolichicos"" accused of profiting from Venezuela's state resources, including an alleged attempt to extract $1.2 billion from PDVSA, and links to a Miami federal investigation into Nicolás Maduro's stepsons.","Acuris Risk Intelligence - Entities & Relationships (3rd Party Data); Acuris Risk Intelligence - Risk Information and Articles (3rd Party Data); Venezuela Contractors Registry (Government Procurement Records); Venezuela SAREN-IVSS Registry; Venezuela IVSS Registry; USA Florida Corporate Registry; teleceuta.com - ""La Audiencia Nacional ordena reabrir la investigación contra el empresario venezolano dueño de Hawkers"" (https://teleceuta.com/la-audiencia-nacional-ordena-reabrir-la-investigacion-contra-el-empresario-venezolano-dueno-de-hawkers/); tippinpoint.ch - ""Alejandro Betancourt wurde in London verhaftet"" (https://www.tippinpoint.ch/artikel/78305/alejandro_betancourt_wurde_in_london_verhaftet.html); elsiglo.com.ve - ""MP designa fiscales y órdenes de aprehensión"" (https://elsiglo.com.ve/2022/09/01/mp-designa-fiscales-y-ordenes-de-aprehension/); issuu.com - Otto Reich vs Derwick (https://issuu.com/soberania.org/docs/otto_reich_vs_derwick); eltiempolatino.com - ""Alejandro Betancourt: el 'Bolichico' acusado de hacer fortuna a costa de Venezuela"" (http://eltiempolatino.com/news/2019/may/30/alejandro-betancourt-el-bolichico-acusado-de-hacer/); el-carabobeno.com - ""El empresario Alejandro Betancourt implicado en lavado de dinero"" (https://www.el-carabobeno.com/el-empresario-alejandro-betancourt-implicado-en-lavado-de-dinero/); univision.com - ""Ex-subsecretario de Estado denuncia pago de sobornos"" (http://noticias.univision.com/article/1623524/2013-08-01/univision-investiga/ex-subsecretario-de-estado-de); courthousenews.com - ""Ex-Ambassador Accuses 'ChavezKids' of Bribery"" (http://www.courthousenews.com/2013/07/31/59868.htm); petroleumworld.com - ""U.S. Attorney asks Switzerland for Records in Widening PDVSA Investigation"" (http://www.petroleumworld.com/storyt16032502.htm); justice.gov (DOJ) - ""Two Members of Billion-Dollar Venezuelan Money Laundering Scheme Arrested"" (https://www.justice.gov/usao-sdfl/pr/two-members-billion-dollar-venezuelan-money-laundering-scheme-arrested)"
73,"Who owns and controls Allwyn Investments Cyprus Ltd, and what companies is it connected to?","Allwyn Investments Cyprus Ltd is a Cyprus-registered limited company (Cyprus Registration Number HE 432870), based at Neocleous House, 195 Arch. Makariou III Avenue, Limassol, Cyprus. It was formerly known as Rubidium Holding 2 Ltd and is currently listed as registered/active.
The company has four recorded directors: Katerina Jagiello Brandysova, Dimitris Rotis (Δημήτρης Ρώτης), and Androulla Papadopoulou (Ανδρούλλα Παπαδοπούλου), a Cypriot national born April 14, 1957, who also holds addresses in Limassol and London and appears with multiple passport and Cyprus ID identifiers across different filings. In addition, the corporate entity Montrago Services Limited (registered in Cyprus, with UK and Malta ties, Cyprus Registration Number HE 52239, status active/registered) is listed as an officer of Allwyn Investments Cyprus Ltd.
On the ownership side, Allwyn Investments Cyprus Ltd is a shareholder of Kaizen Gaming Holding Ltd., a Malta-registered holding company (Malta Company Registration Number C-104894, registered capital €280,612.50, with two classes of ordinary shares — 550,000 Class A and 11,225 Class B shares). Kaizen Gaming Holding is described as a holding/head-office entity and also has a registered presence in Brazil (Brazil CNPJ 52.810.540/0001-34, active status) and a recorded beneficial ownership filing in Austria.
No adverse media, litigation, or risk events are recorded for Allwyn Investments Cyprus Ltd or its associated individuals and companies in this data set; all records are standard corporate registry filings.",Cyprus Department of Registrar of Companies and Official Receiver (Company Record); Malta Companies Register (Company Record); UK Corporate Registry (Company Record); UK Persons with Significant Control (Company Record); Infocredit Cyprus Company Shareholders Database (3rd Party Data); Brazil Receita Federal (Company Record); Austria Auszug.at Firmenbuch - Active Entities (Company Record); Austria Beneficial Ownership (Company Record)
75,"Who is Ali Ansari? What sanctions or watchlist designations apply to him, and what companies is he connected to?","Ali Ansari (also recorded as Ali Aliakbar Ansari, Aliakbar Ansari, and علی انصاری) is an Iranian businessman, born December 26, 1968, associated with Iran, the United Arab Emirates (Dubai), Cyprus, the United Kingdom, Saint Kitts and Nevis, Luxembourg, and Germany. He holds multiple passports (Iranian, Cypriot, and one from St Kitts and Nevis) and an Iranian national ID number.
He is currently sanctioned by several authorities. The U.S. Treasury's OFAC added him to the Specially Designated Nationals (SDN) List under Executive Order 13224 (terrorism), with secondary-sanctions exposure and links to the IRGC and Iran-related programs. The UK Consolidated Sanctions List designates him under the Iran (Sanctions) Regulations 2023, citing support for hostile Iranian government activity via economic resources to the IRGC, with an asset freeze, travel ban, and director disqualification. He also appears on the EU sanctions list (via the Official Journal of the EU / OpenSanctions), France's National Asset Freeze Register, Switzerland's SECO sanctions list, and the U.S. Consolidated Screening List for export controls.
The stated rationale across these listings is consistent: Ansari is described as the former owner of Bank Ayandeh (Ayandeh Bank) and of the Iran Mall, who used a network of companies and foreign banking channels — funded in part by Iranian oil sales — to move money abroad in support of Iran's military and the IRGC. He is also said to have acquired real estate and other assets in the EU and UK on behalf of individuals connected to Iran's leadership, including Mojtaba Khamenei, who is directly linked to him in the sanctions data.
His corporate network spans several jurisdictions. In Germany, he is a shareholder of Allsco GmbH (real estate/hospitality-related activities) and a beneficial owner, director, and shareholder of German ETD GmbH (construction-materials wholesale and R&D). In Luxembourg, he is the beneficial owner of Leopard Germany Bero 1 S.à r.l. and Leopard Germany Bero 2 S.à r.l. (holding companies) and of Tidalwave Holdings I S.à r.l. (a financial holding/""Soparfi""). In the UK/Isle of Man, he is the beneficial owner of Birch Ventures Limited, which owns UK real estate per the UK's Overseas Companies Ownership Data register. In the UAE, he is listed as beneficial owner, manager, and shareholder of TAT Building Materials Trading L.L.C. in Dubai. He is also linked to Ziba Leisure Limited (also known as Smart Global Limited), a Saint Kitts and Nevis/UK-registered holding company that is separately OFAC-sanctioned.
The data also shows a set of former (historical) roles in Iran, including director of and links to Bank Ayandeh, and board membership or links to a group of Iranian ""TAT"" companies and charitable foundations — among them Towse'e Sakhtemani Saman, Ansar Zarandieh Industrial Town Company, Tehran Pipe and Profile Manufacturing Company, Tat Ansar Investment Group, and several Tat-affiliated charitable foundations — reflecting his earlier business network inside Iran before his current sanctioned status.",Sanction Record from USA Treasury OFAC Specially Designated Nationals (SDN) List; Sanction Record from UK Consolidated Sanctions List; Sanction Record from OpenSanctions - Global Sanctions List (Official Journal of the EU / EU-IRN program); Sanction Record from France National Asset Freeze Register; Sanction Record from Switzerland SECO Sanctions List; Supply Chain Screening Record from USA Consolidated Screening List; Risk Intelligence Record from Acuris Risk Intelligence - Entities & Relationships (3rd Party Data); Adverse Media Record from Acuris Risk Intelligence - Risk Information and Articles (3rd Party Data); Company Record from Germany Validatis Shareholder Lists (3rd Party Data); Company Record from Germany Beneficial Ownership; Company Record from Luxembourg Registry of Beneficial Owners; Company Record from Luxembourg Beneficial Ownership; Luxembourg RESA (Recueil Électronique des Sociétés et Associations) company filings; Company Record from UK Persons with Significant Control; Company Record from UK Corporate Registry; Company Record from Isle of Man Corporate Registry; Land/property Record from UK Land Overseas Company Ownership Data (OCOD); Company Record from Legal Entity Identifier (LEI) Registry (3rd Party Data); Company Record from UAE Cedar Rose Company Database (3rd Party Data); Iranian company gazette filings (آگهی تاسیس/تغییرات) for TAT-group companies and Bank Ayandeh
